Revenue,Expenses,Profit
0.000000,50.000000,-50.000000
