Venituri,Costuri,Profit Total
15.000000,50.000000,-35.000000
10.500000,50.000000,-39.500000
0.000000,50.000000,-50.000000
0.000000,50.000000,-50.000000
13.500000,50.000000,-36.500000
